Tohana Good Morning Borosilikat Cam Kupa 400 ML 87333,,,https://n11scdn.akamaized.net/a1/602_857/04/01/86/44/IMG-6821958114766867609.jpg,"['https://n11scdn.akamaized.net/a1/602_857/04/01/86/44/IMG-6821958114766867609.jpg', 'https://n11scdn.akamaized.net/a1/60_86/04/01/86/44/IMG-6821958114766867609.jpg', 'https://n11scdn.akamaized.net/a1/60_86/06/65/51/88/IMG-3642464182403933478.jpg']",4,10
Tohana Good Morning Borosilikat Cam Kupa 400 ML 87333,,,https://n11scdn.akamaized.net/a1/602_857/04/01/86/44/IMG-6821958114766867609.jpg,"['https://n11scdn.akamaized.net/a1/602_857/04/01/86/44/IMG-6821958114766867609.jpg', 'https://n11scdn.akamaized.net/a1/60_86/04/01/86/44/IMG-6821958114766867609.jpg', 'https://n11scdn.akamaized.net/a1/60_86/06/65/51/88/IMG-3642464182403933478.jpg']",4,10
TP-Link Tapo C211 2K 3 MP Yatay & Dikey Wi-Fi Ev Güvenlik Kamerası + Hafıza Kartı,,,https://n11scdn.akamaized.net/a1/602_857/04/44/78/72/IMG-8967861269498086279.jpg,"['https://n11scdn.akamaized.net/a1/602_857/04/44/78/72/IMG-8967861269498086279.jpg', 'https://n11scdn.akamaized.net/a1/60_86/04/44/78/72/IMG-8967861269498086279.jpg', 'https://n11scdn.akamaized.net/a1/60_86/04/80/14/48/IMG-5484624780260734014.jpg', 'https://n11scdn.akamaized.net/a1/60_86/11/18/46/22/IMG-8375094715292185698.jpg', 'https://n11scdn.akamaized.net/a1/60_86/10/21/87/63/IMG-2995638878300720915.jpg', 'https://n11scdn.akamaized.net/a1/60_86/11/77/78/18/IMG-7857938476762278461.jpg', 'https://n11scdn.akamaized.net/a1/500_700/24/02/21/71/02/27/89/31/17/85/72/11/62470921093834097090.png']",5,49
Kadın Siyah Oversize Çizgili Yarım Balıkçı Yaka Triko Kazak,,,https://n11scdn.akamaized.net/a1/602_857/04/62/95/24/IMG-8055791995299274008.jpg,"['https://n11scdn.akamaized.net/a1/602_857/04/62/95/24/IMG-8055791995299274008.jpg', 'https://n11scdn.akamaized.net/a1/60_86/04/62/95/24/IMG-8055791995299274008.jpg', 'https://n11scdn.akamaized.net/a1/60_86/16/59/19/82/IMG-4791389912377695439.jpg', 'https://n11scdn.akamaized.net/a1/60_86/12/70/60/65/IMG-7265429012706783532.jpg', 'https://n11scdn.akamaized.net/a1/60_86/04/02/74/49/IMG-6500090718952374683.jpg']",5,20
Kadın Siyah Oversize Çizgili Yarım Balıkçı Yaka Triko Kazak,,,https://n11scdn.akamaized.net/a1/602_857/04/62/95/24/IMG-8055791995299274008.jpg,"['https://n11scdn.akamaized.net/a1/602_857/04/62/95/24/IMG-8055791995299274008.jpg', 'https://n11scdn.akamaized.net/a1/60_86/04/62/95/24/IMG-8055791995299274008.jpg', 'https://n11scdn.akamaized.net/a1/60_86/16/59/19/82/IMG-4791389912377695439.jpg', 'https://n11scdn.akamaized.net/a1/60_86/12/70/60/65/IMG-7265429012706783532.jpg', 'https://n11scdn.akamaized.net/a1/60_86/04/02/74/49/IMG-6500090718952374683.jpg']",5,20
Violet 90 Litre Çift Gözlü Çamaşır Sepeti Gri- Beyaz,,,https://n11scdn.akamaized.net/a1/602_857/05/07/86/25/IMG-6715450784175068137.jpg,"['https://n11scdn.akamaized.net/a1/602_857/05/07/86/25/IMG-6715450784175068137.jpg', 'https://n11scdn.akamaized.net/a1/60_86/05/07/86/25/IMG-6715450784175068137.jpg', 'https://n11scdn.akamaized.net/a1/60_86/11/49/11/19/IMG-5091927305286474936.jpg', 'https://n11scdn.akamaized.net/a1/60_86/01/93/45/38/IMG-6179326840023743550.jpg', 'https://n11scdn.akamaized.net/a1/60_86/09/79/82/79/IMG-222127718907445103.jpg', 'https://n11scdn.akamaized.net/a1/60_86/15/85/90/55/IMG-285635429289658478.jpg', 'https://n11scdn.akamaized.net/a1/60_86/02/45/67/98/IMG-390201212684537172.jpg', 'https://n11scdn.akamaized.net/a1/500_700/24/01/27/47/41/50/13/22/35/55/11/16/24691870241327396712.png', 'https://n11scdn.akamaized.net/a1/500_700/24/01/27/78/17/04/64/75/30/22/75/98/985577558502389247.png', 'https://n11scdn.akamaized.net/a1/500_700/23/12/28/47/03/46/99/67/11/35/68/14/84556653455603121225.png', 'https://n11scdn.akamaized.net/a1/500_700/23/12/28/86/66/54/61/23/54/11/58/26/17636153929053679822.png']","4,5",342
Amazfit Active Akıllı Saat (Amazfit Türkiye Garantili),,,https://n11scdn.akamaized.net/a1/602_857/09/67/05/91/IMG-1977890781065674594.jpg,"['https://n11scdn.akamaized.net/a1/602_857/09/67/05/91/IMG-1977890781065674594.jpg', 'https://n11scdn.akamaized.net/a1/60_86/09/67/05/91/IMG-1977890781065674594.jpg', 'https://n11scdn.akamaized.net/a1/60_86/15/25/87/43/IMG-5803356974882669716.jpg', 'https://n11scdn.akamaized.net/a1/60_86/09/43/32/64/IMG-7912115531430129761.jpg', 'https://n11scdn.akamaized.net/a1/60_86/13/08/46/93/IMG-887897739486994108.jpg', 'https://n11scdn.akamaized.net/a1/60_86/15/37/66/19/IMG-2094926088427494656.jpg', 'https://n11scdn.akamaized.net/a1/60_86/03/40/38/24/IMG-422236255780343523.jpg']",,
Bargello,290 TL,,https://cdn.dsmcdn.com/mnresize/420/620/ty1157/product/media/images/prod/SPM/PIM/20240202/12/61fa1b61-7552-3f42-9812-6eac2c073ca1/1_org_zoom.jpg,"['https://cdn.dsmcdn.com/mnresize/420/620/ty1157/product/media/images/prod/SPM/PIM/20240202/12/d9d76b23-c1c3-35f8-b1cd-b501e2984735/1_org_zoom.jpg', 'https://cdn.dsmcdn.com/mnresize/420/620/ty1155/product/media/images/prod/SPM/PIM/20240202/12/0a5c0317-b381-3519-8b41-135ea504427f/1_org_zoom.jpg']",,
Violet 90 Litre Çift Gözlü Çamaşır Sepeti Gri- Beyaz,,,https://n11scdn.akamaized.net/a1/602_857/05/07/86/25/IMG-6715450784175068137.jpg,"['https://n11scdn.akamaized.net/a1/602_857/05/07/86/25/IMG-6715450784175068137.jpg', 'https://n11scdn.akamaized.net/a1/60_86/05/07/86/25/IMG-6715450784175068137.jpg', 'https://n11scdn.akamaized.net/a1/60_86/11/49/11/19/IMG-5091927305286474936.jpg', 'https://n11scdn.akamaized.net/a1/60_86/01/93/45/38/IMG-6179326840023743550.jpg', 'https://n11scdn.akamaized.net/a1/60_86/09/79/82/79/IMG-222127718907445103.jpg', 'https://n11scdn.akamaized.net/a1/60_86/15/85/90/55/IMG-285635429289658478.jpg', 'https://n11scdn.akamaized.net/a1/60_86/02/45/67/98/IMG-390201212684537172.jpg', 'https://n11scdn.akamaized.net/a1/500_700/24/01/27/47/41/50/13/22/35/55/11/16/24691870241327396712.png', 'https://n11scdn.akamaized.net/a1/500_700/24/01/27/78/17/04/64/75/30/22/75/98/985577558502389247.png', 'https://n11scdn.akamaized.net/a1/500_700/23/12/28/47/03/46/99/67/11/35/68/14/84556653455603121225.png', 'https://n11scdn.akamaized.net/a1/500_700/23/12/28/86/66/54/61/23/54/11/58/26/17636153929053679822.png']","4,5",342
Amazfit Active Akıllı Saat (Amazfit Türkiye Garantili),,,https://n11scdn.akamaized.net/a1/602_857/09/67/05/91/IMG-1977890781065674594.jpg,"['https://n11scdn.akamaized.net/a1/602_857/09/67/05/91/IMG-1977890781065674594.jpg', 'https://n11scdn.akamaized.net/a1/60_86/09/67/05/91/IMG-1977890781065674594.jpg', 'https://n11scdn.akamaized.net/a1/60_86/15/25/87/43/IMG-5803356974882669716.jpg', 'https://n11scdn.akamaized.net/a1/60_86/09/43/32/64/IMG-7912115531430129761.jpg', 'https://n11scdn.akamaized.net/a1/60_86/13/08/46/93/IMG-887897739486994108.jpg', 'https://n11scdn.akamaized.net/a1/60_86/15/37/66/19/IMG-2094926088427494656.jpg', 'https://n11scdn.akamaized.net/a1/60_86/03/40/38/24/IMG-422236255780343523.jpg']",,
Violet 90 Litre Çift Gözlü Çamaşır Sepeti Gri- Beyaz,,,https://n11scdn.akamaized.net/a1/602_857/05/07/86/25/IMG-6715450784175068137.jpg,"['https://n11scdn.akamaized.net/a1/602_857/05/07/86/25/IMG-6715450784175068137.jpg', 'https://n11scdn.akamaized.net/a1/60_86/05/07/86/25/IMG-6715450784175068137.jpg', 'https://n11scdn.akamaized.net/a1/60_86/11/49/11/19/IMG-5091927305286474936.jpg', 'https://n11scdn.akamaized.net/a1/60_86/01/93/45/38/IMG-6179326840023743550.jpg', 'https://n11scdn.akamaized.net/a1/60_86/09/79/82/79/IMG-222127718907445103.jpg', 'https://n11scdn.akamaized.net/a1/60_86/15/85/90/55/IMG-285635429289658478.jpg', 'https://n11scdn.akamaized.net/a1/60_86/02/45/67/98/IMG-390201212684537172.jpg', 'https://n11scdn.akamaized.net/a1/500_700/24/01/27/47/41/50/13/22/35/55/11/16/24691870241327396712.png', 'https://n11scdn.akamaized.net/a1/500_700/24/01/27/78/17/04/64/75/30/22/75/98/985577558502389247.png', 'https://n11scdn.akamaized.net/a1/500_700/23/12/28/47/03/46/99/67/11/35/68/14/84556653455603121225.png', 'https://n11scdn.akamaized.net/a1/500_700/23/12/28/86/66/54/61/23/54/11/58/26/17636153929053679822.png']",4.5,342
Bargello,290 TL,,https://cdn.dsmcdn.com/mnresize/420/620/ty1157/product/media/images/prod/SPM/PIM/20240202/12/61fa1b61-7552-3f42-9812-6eac2c073ca1/1_org_zoom.jpg,"['https://cdn.dsmcdn.com/mnresize/420/620/ty1157/product/media/images/prod/SPM/PIM/20240202/12/d9d76b23-c1c3-35f8-b1cd-b501e2984735/1_org_zoom.jpg', 'https://cdn.dsmcdn.com/mnresize/420/620/ty1155/product/media/images/prod/SPM/PIM/20240202/12/0a5c0317-b381-3519-8b41-135ea504427f/1_org_zoom.jpg']",,
Bargello,290 TL,,https://cdn.dsmcdn.com/mnresize/420/620/ty1157/product/media/images/prod/SPM/PIM/20240202/12/61fa1b61-7552-3f42-9812-6eac2c073ca1/1_org_zoom.jpg,"['https://cdn.dsmcdn.com/mnresize/420/620/ty1157/product/media/images/prod/SPM/PIM/20240202/12/d9d76b23-c1c3-35f8-b1cd-b501e2984735/1_org_zoom.jpg', 'https://cdn.dsmcdn.com/mnresize/420/620/ty1155/product/media/images/prod/SPM/PIM/20240202/12/0a5c0317-b381-3519-8b41-135ea504427f/1_org_zoom.jpg']",,
ikisi de değil,180 TL,290 TL,,"['https://cdn.dsmcdn.com/mnresize/1200/1800/ty1157/product/media/images/prod/SPM/PIM/20240202/12/61fa1b61-7552-3f42-9812-6eac2c073ca1/1_org_zoom.jpg', 'https://cdn.dsmcdn.com/ty1157/product/media/images/prod/SPM/PIM/20240202/12/61fa1b61-7552-3f42-9812-6eac2c073ca1/1_org_zoom.jpg']",,
